Workbook
Name Products: Sheet1!$A$1:$C$7

Sheet Sheet1
A1: Product ID | B1: Product | C1: Price | D1: Ordered/Not Ordered | E1: Quantity Ordered
A2: 101 | B2: Product A | C2: 120 | D2: =IF(ISNA(VLOOKUP(A2,Sheet2!$B$1:$D$7,2,0)),"Not Ordered","Ordered") -> Ordered | E2: =SUMIF(Sheet2!B:B,A2,Sheet2!C:C) -> 7
A3: 102 | B3: Product B | C3: 150 | D3: =IF(ISNA(VLOOKUP(A3,Sheet2!$B$1:$D$7,2,0)),"Not Ordered","Ordered") -> Not Ordered | E3: =SUMIF(Sheet2!B:B,A3,Sheet2!C:C) -> 0
A4: 103 | B4: Product C | C4: 200 | D4: =IF(ISNA(VLOOKUP(A4,Sheet2!$B$1:$D$7,2,0)),"Not Ordered","Ordered") -> Ordered | E4: =SUMIF(Sheet2!B:B,A4,Sheet2!C:C) -> 1
A5: 104 | B5: Product D | C5: 90 | D5: =IF(ISNA(VLOOKUP(A5,Sheet2!$B$1:$D$7,2,0)),"Not Ordered","Ordered") -> Ordered | E5: =SUMIF(Sheet2!B:B,A5,Sheet2!C:C) -> 6
A6: 105 | B6: Product E | C6: 220 | D6: =IF(ISNA(VLOOKUP(A6,Sheet2!$B$1:$D$7,2,0)),"Not Ordered","Ordered") -> Ordered | E6: =SUMIF(Sheet2!B:B,A6,Sheet2!C:C) -> 4
A7: 106 | B7: Product F | C7: 130 | D7: =IF(ISNA(VLOOKUP(A7,Sheet2!$B$1:$D$7,2,0)),"Not Ordered","Ordered") -> Ordered | E7: =SUMIF(Sheet2!B:B,A7,Sheet2!C:C) -> 3
A8: 108 | B8: Product H | C8: 180 | D8: =IF(ISNA(VLOOKUP(A8,Sheet2!$B$1:$D$7,2,0)),"Not Ordered","Ordered") -> Not Ordered | E8: =SUMIF(Sheet2!B:B,A8,Sheet2!C:C) -> 0

Sheet Sheet2
A1: Order ID | B1: Product ID | C1: Quantity | D1: Total Price | E1: Product Name | F1: Availablity | G1: Discounted Price
A2: 1 | B2: 101 | C2: 2 | D2: =VLOOKUP(B2,Products,3,0)*C2 -> 240 | E2: =VLOOKUP(B2,Products,2,0) -> Product A | F2: =IF(ISNA(VLOOKUP(B2,Products,1,0))," Not found","Found") -> Found | G2: =VLOOKUP(B2,Products,3,0)*(1-1/10) -> 108
A3: 2 | B3: 103 | C3: 1 | D3: =VLOOKUP(B3,Products,3,0)*C3 -> 200 | E3: =VLOOKUP(B3,Products,2,0) -> Product C | F3: =IF(ISNA(VLOOKUP(B3,Products,1,0))," Not found","Found") -> Found | G3: =VLOOKUP(B3,Products,3,0)*(1-1/10) -> 180
A4: 3 | B4: 105 | C4: 4 | D4: =VLOOKUP(B4,Products,3,0)*C4 -> 880 | E4: =VLOOKUP(B4,Products,2,0) -> Product E | F4: =IF(ISNA(VLOOKUP(B4,Products,1,0))," Not found","Found") -> Found | G4: =VLOOKUP(B4,Products,3,0)*(1-1/10) -> 198
A5: 4 | B5: 106 | C5: 3 | D5: =VLOOKUP(B5,Products,3,0)*C5 -> 390 | E5: =VLOOKUP(B5,Products,2,0) -> Product F | F5: =IF(ISNA(VLOOKUP(B5,Products,1,0))," Not found","Found") -> Found | G5: =VLOOKUP(B5,Products,3,0)*(1-1/10) -> 117
A6: 5 | B6: 101 | C6: 5 | D6: =VLOOKUP(B6,Products,3,0)*C6 -> 600 | E6: =VLOOKUP(B6,Products,2,0) -> Product A | F6: =IF(ISNA(VLOOKUP(B6,Products,1,0))," Not found","Found") -> Found | G6: =VLOOKUP(B6,Products,3,0)*(1-1/10) -> 108
A7: 6 | B7: 104 | C7: 6 | D7: =VLOOKUP(B7,Products,3,0)*C7 -> 540 | E7: =VLOOKUP(B7,Products,2,0) -> Product D | F7: =IF(ISNA(VLOOKUP(B7,Products,1,0))," Not found","Found") -> Found | G7: =VLOOKUP(B7,Products,3,0)*(1-1/10) -> 81
A8: 7 | B8: 107 | C8: 7 | D8: =110*C8 -> 770 | E8: Product G | F8: =IF(ISNA(VLOOKUP(B8,Products,1,0)),"Not found","Found") -> Not found | G8: =110*0.9 -> 99
E12: Max Order Value | F12: =MAX(D2:D8) -> 880
